{"cameraMode":{"drawMode":0,"name":"Shaded","section":"Shading Mode"},"sceneLighting":true,"audioPlay":false,"sceneViewState":{"showFog":true,"showMaterialUpdate":false,"showSkybox":true,"showFlares":true,"showImageEffects":true,"showParticleSystems":true,"showVisualEffectGraphs":true,"m_FxEnabled":true},"in2DMode":false,"pivot":{"x":1.1210753917694092,"y":5.116711616516113,"z":-5.048434257507324},"rotation":{"x":0.3458995223045349,"y":-0.030955050140619279,"z":0.011418826878070832,"w":0.9376910924911499},"size":-0.9155094027519226,"orthographic":false}